"Id";"Designator";"Package";"Quantity";"Designation";"Supplier and ref";
1;"REF**,REF**,REF**,REF**,REF**,REF**,REF**,REF**,REF**,REF**,REF**";"MountingHole_5.3mm_M5";11;"MountingHole_5.3mm_M5";;;
2;"U51,U27,U28,U2,U1,U3,U69,U68,U67,U66,U65,U64,U63,U62,U61,U60,U59,U58,U57,U56,U55,U54,U53,U52,U50,U49,U48,U47,U46,U45,U44,U43,U42,U41,U40,U39,U38,U37,U36,U35,U34,U33,U32,U31,U30,U29,U26,U25,U24,U23,U22,U21,U20,U19,U18,U17,U16,U15,U14,U13,U12,U11,U10,U9,U8,U7,U6,U5,U4";"Vishay_CNY70";69;"CNY70_TW";;;
3;"U72,U74,U75,U73,U71";"SOIC-24W_7.5x15.4mm_P1.27mm";5;"CD74HC4067M";;;
4;"R8,R6,R2,R138,R136,R134,R132,R130,R127,R125,R123,R121,R119,R117,R115,R113,R112,R110,R108,R106,R104,R102,R100,R98,R95,R93,R91,R89,R87,R85,R83,R81,R80,R78,R76,R74,R72,R70,R68,R66,R63,R61,R59,R57,R55,R53,R51,R49,R48,R46,R44,R42,R40,R38,R36,R34,R31,R29,R27,R25,R23,R21,R19,R17,R16,R14,R12,R10,R4";"R_0603_1608Metric_Pad0.98x0.95mm_HandSolder";69;"110K";;;
5;"C4,C69,C68,C67,C66,C65,C64,C63,C62,C61,C60,C59,C58,C57,C56,C55,C54,C53,C52,C51,C50,C49,C48,C47,C46,C45,C44,C43,C42,C41,C40,C39,C38,C37,C36,C35,C34,C33,C32,C31,C30,C29,C28,C27,C26,C25,C24,C23,C22,C21,C20,C19,C18,C17,C16,C15,C14,C13,C12,C11,C10,C9,C8,C7,C6,C5,C3,C2,C1";"C_0402_1005Metric";69;"2n2";;;
6;"R64,R137,R135,R133,R131,R129,R128,R126,R124,R122,R120,R118,R116,R114,R111,R109,R107,R105,R103,R101,R99,R97,R96,R94,R92,R90,R88,R86,R84,R82,R79,R77,R75,R73,R71,R69,R67,R65,R62,R60,R58,R56,R54,R52,R50,R47,R45,R43,R41,R39,R37,R35,R33,R32,R30,R28,R26,R24,R22,R20,R18,R15,R13,R11,R9,R7,R5,R3,R1";"R_0603_1608Metric_Pad0.98x0.95mm_HandSolder";69;"2 .7K";;;
7;"R140,R139";"R_0402_1005Metric";2;"10k";;;
8;"J2,J1";"PinSocket_1x14_P2.54mm_Vertical";2;" ";;;
9;"U$5,U$7,U$8,U$6";"MH_RND_F_2.2MM_NM";4;"";;;
10;"C74,C73,C72,C71,C70";"C_0805_2012Metric";5;"0.1uF Ceramic";;;
11;"R142,R141";"R_0402_1005Metric";2;"220R";;;
12;"Q1";"SOT-23";1;"BSS138";;;
13;"J3";"CUI_SDS-50J";1;"DIN-5_180degree";;;
